{
	"__comment": "Designed by Sphax with BDcraft Cubik PRO 0.75 Beta - http://bdcraft.net",
	"parent": "block/thin_block",
	"ambientocclusion": false,
	"textures": {
		"particle": "#texture",
		"texture": "#texture",
		"side": "block/_bdc/iron_trapdoor_side",
		"overlay": "block/_bdc/iron_trapdoor_overlay",
		"border": "block/_bdc/iron_trapdoor_border"
	},
	"elements": [
		{
			"__comment": "Border",
			"from": [ 0, 0.5, 0 ],
			"to": [ 16, 2.5, 16 ],
			"faces": {
				"down": { "uv": [ 0, 0, 16, 16 ], "texture": "#border" },
				"up": { "uv": [ 0, 0, 16, 16 ], "texture": "#border" },
				"north": { "uv": [ 0, 9.5, 16, 11.5 ], "texture": "#side", "cullface": "north" },
				"south": { "uv": [ 0, 13.5, 16, 15.5 ], "texture": "#side", "cullface": "south" },
				"west": { "uv": [ 0, 5.5, 16, 7.5 ], "texture": "#side", "cullface": "west" },
				"east": { "uv": [ 0, 1.5, 16, 3.5 ], "texture": "#side", "cullface": "east" }
			}
		},
		{
			"__comment": "HingeL",
			"from": [ 2.5, 0, 14 ],
			"to": [ 4.5, 3, 16 ],
			"faces": {
				"down": { "uv": [ 2, 14, 4, 16 ], "texture": "#overlay", "cullface": "down" },
				"up": { "uv": [ 2, 14, 4, 16 ], "texture": "#overlay", "cullface": "up" },
				"north": { "uv": [ 11.5, 9, 13.5, 12 ], "texture": "#side" },
				"south": { "uv": [ 2.5, 13, 4.5, 16 ], "texture": "#side", "cullface": "south" },
				"west": { "uv": [ 14, 5, 16, 8 ], "texture": "#side" },
				"east": { "uv": [ 0, 1, 2, 4 ], "texture": "#side" }
			}
		},
		{
			"__comment": "HingeR",
			"from": [ 11.5, 0, 14 ],
			"to": [ 13.5, 3, 16 ],
			"faces": {
				"down": { "uv": [ 12, 14, 14, 16 ], "texture": "#overlay", "cullface": "down" },
				"up": { "uv": [ 12, 14, 14, 16 ], "texture": "#overlay", "cullface": "up" },
				"north": { "uv": [ 2.5, 9, 4.5, 12 ], "texture": "#side" },
				"south": { "uv": [ 11.5, 13, 13.5, 16 ], "texture": "#side", "cullface": "south" },
				"west": { "uv": [ 14, 5, 16, 8 ], "texture": "#side" },
				"east": { "uv": [ 0, 1, 2, 4 ], "texture": "#side" }
			}
		},
		{
			"__comment": "Ring1",
			"from": [ 6.5, 0, 0.5 ],
			"to": [ 9.5, 3, 4.5 ],
			"faces": {
				"down": { "uv": [ 0, 0, 3, 4 ], "texture": "#overlay", "cullface": "down" },
				"up": { "uv": [ 0, 0, 3, 4 ], "texture": "#overlay", "cullface": "up" },
				"north": { "uv": [ 6.5, 13, 9.5, 16 ], "texture": "#side", "cullface": "north" },
				"south": { "uv": [ 6.5, 13, 9.5, 16 ], "texture": "#side" },
				"west": { "uv": [ 0.5, 5, 4.5, 8 ], "texture": "#side" },
				"east": { "uv": [ 11.5, 1, 15.5, 4 ], "texture": "#side" }
			}
		},
		{
			"__comment": "Inner",
			"from": [ 0.25, 1, 0.25 ],
			"to": [ 15.75, 2, 15.75 ],
			"faces": {
				"down": { "uv": [ 0, 16, 16, 0 ], "texture": "#texture" },
				"up": { "uv": [ 0, 0, 16, 16 ], "texture": "#texture" }
			}
		},
		{
			"__comment": "RingT",
			"from": [ 4, 2.6875, 2 ],
			"to": [ 12, 2.75, 10 ],
			"faces": {
				"up": { "uv": [ 0, 5, 8, 13 ], "texture": "#overlay", "cullface": "up" }
			}
		},
		{
			"__comment": "Ring2",
			"from": [ 7, 0, 7 ],
			"to": [ 9, 3, 9.5 ],
			"faces": {
				"down": { "uv": [ 5, 12.5, 3, 10 ], "texture": "#overlay", "cullface": "down" },
				"up": { "uv": [ 3, 10, 5, 12.5 ], "texture": "#overlay", "cullface": "up" },
				"north": { "uv": [ 7, 9, 9, 12 ], "texture": "#side" },
				"south": { "uv": [ 7, 13, 9, 16 ], "texture": "#side" },
				"west": { "uv": [ 7, 5, 9.5, 8 ], "texture": "#side" },
				"east": { "uv": [ 6.5, 1, 9, 4 ], "texture": "#side" }
			}
		},
		{
			"__comment": "RingB",
			"from": [ 4, 0.1875, 2 ],
			"to": [ 12, 0.25, 10 ],
			"faces": {
				"down": { "uv": [ 8, 13, 0, 5 ], "texture": "#overlay", "cullface": "down" }
			}
		}
	]
}